{
    "serial_rx":44,
    "serial_tx":43,

    "radio_miso":15,
    "radio_mosi":16,
    "radio_sck":7,

    "radio_busy":4,
    "radio_dio1":5,
    "radio_rst":6,
    "radio_nss":17,

    "radio_busy_2":18,
    "radio_dio1_2":8,
    "radio_rst_2":3,
    "radio_nss_2":46,

    "power_min":0,
    "power_high":0,
    "power_max":0,
    "power_default":0,
    "power_control":0,
    "power_values":[13],
    "power_lna_gain": 0,

    "led_rgb":48,
    "led_rgb_isgrb":true,
    "ledidx_rgb_status":[0],
    "ledidx_rgb_boot":[0],

    "button": 0,

    "vbat": 10,
    "vbat_offset": -197,
    "vbat_scale": 1200,

    "pwm_outputs":[2,9,11,12,13,14,21,35,36,37,38],

    "vtx_nss": 39,
    "vtx_miso": 40,
    "vtx_mosi": 41,
    "vtx_sck": 42,

    "vtx_amp_pwm": 45,
    "vtx_amp_vpd": 1,
    "vtx_amp_vref": 47,

    "vtx_amp_vpd_25mW": [600,600,600,600],
    "vtx_amp_vpd_100mW": [1500,1500,1500,1500],

    "vtx_amp_pwm_25mW": [3300,3300,3300,3300],
    "vtx_amp_pwm_100mW": [3230,3230,3230,3230]
}
