{
    "serial_rx": 3,
    "serial_tx": 1,

    "radio_miso": 33,
    "radio_mosi": 32,
    "radio_sck": 25,

    "radio_busy": 36,
    "radio_dio1": 37,
    "radio_nss": 27,
    "radio_rst": 26,

    "radio_busy_2": 39,
    "radio_dio1_2": 34,
    "radio_nss_2": 13,
    "radio_rst_2": 21,

    "power_min": 0,
    "power_high": 3,
    "power_max": 3,
    "power_default": 3,
    "power_control": 0,
    "power_values": [12,16,19,22],
    "power_values_dual": [-10,-6,-3,1],
    "power_lna_gain": 12,

    "led_rgb": 22,
    "led_rgb_isgrb": true,
    "ledidx_rgb_status": [0],
    "ledidx_rgb_boot": [0],

    "radio_dcdc": true,

    "button": 0
}
