{
    "radio_busy": 3,
    "radio_dio1": 1,
    "radio_miso": 5,
    "radio_mosi": 4,
    "radio_nss": 7,
    "radio_rst": 2,
    "radio_sck": 6,
    "power_min": 0,
    "power_high": 3,
    "power_max": 3,
    "power_default": 3,
    "power_control": 0,
    "power_values": [12,16,19,22],
    "power_values_dual": [-12,-9,-6,-2],
    "power_lna_gain": 12,
    "pwm_outputs": [9,10,18,19,20,21],
    "led_rgb": 8,
    "led_rgb_isgrb": true,
    "vbat": 0,
    "vbat_offset": 3,
    "vbat_scale": 937,
    "vbat_atten": 7
}
