{
    "serial_rx": 3,
    "serial_tx": 1,

    "radio_miso": 35,
    "radio_mosi": 32,
    "radio_rst": 25,
    "radio_sck": 33,
    "radio_busy": 37,
    "radio_dio1": 38,
    "radio_nss": 26,

    "ant_ctrl": 23,

    "power_txen": 18,
    "power_min": 0,
    "power_high": 3,
    "power_max": 3,
    "power_default": 3,
    "power_control": 0,
    "power_values": [-10, -7, -4, -1],
    "power_lna_gain": 12,

    "led_rgb": 21,
    "led_rgb_isgrb": true,
    "ledidx_rgb_status": [0],
    "ledidx_rgb_boot": [0],

    "pwm_outputs": [14, 12, 13, 15, 4, 9, 10],

    "i2c_sda": 22,
    "i2c_scl": 19,

    "button": 0,

    "vbat": 36,
    "vbat_offset": -147,
    "vbat_scale": 1239
  }