{
  "serial_rx": 3,
  "serial_tx": 1,
  "radio_dio0": 22,
  "radio_dio1": 21,
  "radio_miso": 19,
  "radio_mosi": 23,
  "radio_nss": 4,
  "radio_rst": 5,
  "radio_sck": 18,
  "radio_dcdc": true,
  "radio_rfo_hf": true,
  "power_txen": 33,
  "power_apc2": 26,
  "power_min": 3,
  "power_high": 6,
  "power_max": 6,
  "power_default": 3,
  "power_control": 3,
  "power_values": [168,148,128,90],
  "power_values2": [2,6,9,12],
  "led": 15,
  "misc_fan_en": 2,
  "button": 39
}
