{
    "serial_rx": 13,
    "serial_tx": 13,
    "radio_busy": 21,
    "radio_dio1": 4,
    "radio_miso": 19,
    "radio_mosi": 23,
    "radio_nss": 5,
    "radio_rst": 14,
    "radio_sck": 18,
    "power_rxen": 27,
    "power_txen": 26,
    "power_lna_gain": 12,
    "power_min": 0,
    "power_high": 6,
    "power_max": 6,
    "power_default": 2,
    "power_control": 0,
    "power_values": [-16,-12,-9,-6,-2,0,7],
    "five_way1": 39,
    "five_way2": 35,
    "five_way3": 34,
    "led_rgb": 25,
    "led_rgb_isgrb": true,
    "screen_cs": 22,
    "screen_dc": 12,
    "screen_mosi": 16,
    "screen_rst": 0,
    "screen_sck": 17,
    "screen_type": 4,
    "screen_bl": 15,
    "use_backpack": true,
    "debug_backpack_baud": 420000,
    "debug_backpack_rx": 3,
    "debug_backpack_tx": 1,
    "i2c_scl": 32,
    "i2c_sda": 33,
    "thermal_lm75a": true
}