{
    "serial_rx":21,
    "serial_tx":21,
    "radio_miso":33,
    "radio_mosi":32,
    "radio_sck":25,
    "radio_dio0":34,
    "radio_dio1":35,
    "radio_nss":2,
    "radio_rst":13,
    "power_min":0,
    "power_high":7,
    "power_max":7,
    "power_default":2,
    "power_control":3,
    "power_values":[55,80,90,103,118,137,165,210],
    "power_apc2":26,
    "joystick":39,
    "joystick_values":[2839,2191,1616,3511,0,4095],
    "led_rgb":22,
    "led_rgb_isgrb":true,
    "misc_fan_en":27,
    "screen_sck":4,
    "screen_sda":14,
    "screen_type":1,
    "screen_reversed":1,
    "use_backpack":true,
    "debug_backpack_baud":460800,
    "debug_backpack_rx":18,
    "debug_backpack_tx":5,
    "backpack_boot":23,
    "backpack_en":19,
    "passthrough_baud":230400
}