{
    "serial_rx": 21,
    "serial_tx": 21,

    "radio_miso": 33,
    "radio_mosi": 32,
    "radio_sck": 25,

    "radio_busy": 36,
    "radio_dio1": 37,
    "radio_nss": 27,
    "radio_rst": 26,

    "radio_dcdc": true,

    "power_rxen": 10,
    "power_txen": 14,

    "power_lna_gain": 12,
    "power_min": 1,
    "power_high": 6,
    "power_max": 6,
    "power_default": 2,
    "power_control": 0,
    "power_values": [-18,-15,-12,-7,-4,2],

    "led_rgb": 22,
    "led_rgb_isgrb": true,
    "misc_fan_en": 12,
    "button": 4,
    "button2": 2,

    "use_backpack": true,
    "debug_backpack_baud": 460800,
    "debug_backpack_rx": 18,
    "debug_backpack_tx": 5,
    "backpack_boot": 23,
    "backpack_en": 19,
    "passthrough_baud": 230400
}