{
    "serial_rx": 13,
    "serial_tx": 13,
    "radio_busy": 21,
    "radio_dio1": 4,
    "radio_miso": 19,
    "radio_mosi": 23,
    "radio_nss": 5,
    "radio_rst": 14,
    "radio_sck": 18,
    "power_rxen": 27,
    "power_txen": 26,
    "power_lna_gain": 12,
    "power_min": 0,
    "power_high": 4,
    "power_max": 4,
    "power_default": 2,
    "power_control": 0,
    "power_values": [-15,-11,-8,-5,-1],
    "led_rgb": 15,
    "led_rgb_isgrb": true,
    "screen_cs": 2,
    "screen_dc": 22,
    "screen_mosi": 32,
    "screen_rst": 16,
    "screen_sck": 33,
    "screen_sda": 32,
    "screen_type": 0,
    "use_backpack": false,
    "debug_backpack_baud": 460800,
    "debug_backpack_rx": 3,
    "debug_backpack_tx": 1,
    "misc_fan_en": 17
}