{
    "serial_rx": 13,
    "serial_tx": 13,
    "radio_dio0": 4,
    "radio_miso": 19,
    "radio_mosi": 23,
    "radio_nss": 5,
    "radio_rst": 14,
    "radio_sck": 18,
    "power_rxen": 12,
    "power_min": 0,
    "power_high": 7,
    "power_max": 7,
    "power_default": 2,
    "power_control": 3,
    "power_values": [30,40,50,60,80,90,130,225],
    "power_apc2": 26,
    "joystick": 33,
    "joystick_values": [2010, 1230, 635, 2730, 0, 4095],
    "led_rgb": 27,
    "led_rgb_isgrb": true,
    "screen_sck": 21,
    "screen_sda": 22,
    "screen_type": 1,
    "screen_reversed": 1,
    "use_backpack": true,
    "debug_backpack_baud": 460800,
    "debug_backpack_rx": 16,
    "debug_backpack_tx": 17,
    "backpack_boot": 15,
    "backpack_en": 25,
    "passthrough_baud": 230400,
    "misc_fan_en": 32
}