{
    "serial_rx": 13,
    "serial_tx": 13,
    "radio_busy": 21,
    "radio_dio1": 4,
    "radio_miso": 19,
    "radio_mosi": 23,
    "radio_nss": 5,
    "radio_rst": 14,
    "radio_sck": 18,
    "power_rxen": 27,
    "power_txen": 26,
    "power_lna_gain": 12,
    "power_min": 0,
    "power_high": 6,
    "power_max": 6,
    "power_default": 2,
    "power_control": 0,
    "power_values": [-18,-15,-12,-9,-4,-1,3],
    "joystick": 35,
    "joystick_values": [1905, 1160, 580, 2580, 0, 4095],
    "led_rgb": 12,
    "led_rgb_isgrb": true,
    "screen_sck": 32,
    "screen_sda": 33,
    "screen_type": 1,
    "screen_reversed": 1,
    "use_backpack": true,
    "debug_backpack_baud": 460800,
    "debug_backpack_rx": 16,
    "debug_backpack_tx": 17,
    "backpack_boot": 15,
    "backpack_en": 25,
    "passthrough_baud": 230400,
    "misc_fan_en": 22
}
