{
  "serial_rx": 13,
  "serial_tx": 13,
  "radio_dio0": 4,
  "radio_miso": 19,
  "radio_mosi": 23,
  "radio_nss": 26,
  "radio_rst": 14,
  "radio_sck": 2,
  "radio_rfo_hf": true,
  "power_rxen": 12,
  "power_min": 3,
  "power_high": 7,
  "power_max": 7,
  "power_default": 3,
  "power_control": 0,
  "power_values": [0,2,5,9,13],
  "joystick": 33,
  "joystick_values": [3276,2072,1377,2730,0,4095],
  "led_rgb": 27,
  "led_rgb_isgrb": true,
  "screen_sck": 21,
  "screen_sda": 22,
  "screen_type": 1,
  "screen_reversed": 1,
  "use_backpack": true,
  "debug_backpack_baud": 460800,
  "debug_backpack_rx": 16,
  "debug_backpack_tx": 17,
  "backpack_boot": 15,
  "backpack_en": 25,
  "passthrough_baud": 230400,
  "misc_fan_pwm": 32,
  "misc_fan_speeds": [95,127,191,255,255]
}