{
    "serial_rx": 13,
    "serial_tx": 13,
    "radio_dio0": 17,
    "radio_dio1": 16,
    "radio_miso": 19,
    "radio_mosi": 23,
    "radio_nss": 5,
    "radio_rst": 22,
    "radio_sck": 18,
    "radio_rfo_hf": true,
    "power_rxen": 21,
    "power_txen": 4,
    "power_min": 3,
    "power_high": 6,
    "power_max": 6,
    "power_default": 3,
    "power_control": 0,
    "power_values": [0,4,7,11],
    "button": 15,
    "led_blue": 26,
    "led_green": 27,
    "led_red": 14,
    "debug_backpack_baud": 460800,
    "debug_backpack_rx": 3,
    "debug_backpack_tx": 1
}