{
    "serial_rx": 13,
    "serial_tx": 13,
    "radio_busy": 25,
    "radio_dio1": 26,
    "radio_miso": 19,
    "radio_mosi": 23,
    "radio_nss": 5,
    "radio_rst": 22,
    "radio_sck": 18,
    "radio_dcdc": true,
    "ant_ctrl": 2,
    "power_rxen": 21,
    "power_txen": 4,
    "power_lna_gain": 12,
    "power_min": 0,
    "power_high": 5,
    "power_max": 5,
    "power_default": 2,
    "power_control": 0,
    "power_values": [-18,-15,-13,-9,-4,3],
    "use_backpack": true,
    "debug_backpack_baud": 460800,
    "debug_backpack_rx": 9,
    "debug_backpack_tx": 10,
    "backpack_boot": 15,
    "backpack_en": 27,
    "passthrough_baud": 230400,
    "misc_fan_en": 32
}