{
    "serial_rx": 13,
    "serial_tx": 13,
    "radio_busy": 21,
    "radio_dio1": 4,
    "radio_miso": 19,
    "radio_mosi": 23,
    "radio_nss": 5,
    "radio_rst": 14,
    "radio_sck": 18,
    "radio_dcdc": true,
    "power_rxen": 27,
    "power_txen": 26,
    "power_lna_gain": 12,
    "power_min": 0,
    "power_high": 5,
    "power_max": 5,
    "power_default": 2,
    "power_control": 0,
    "power_values": [-18,-15,-11,-8,-4,3],
    "joystick": 35,
    "joystick_values": [870,600,230,70,0,4095],
    "led_rgb": 15,
    "led_rgb_isgrb": true,
    "screen_sck": 33,
    "screen_sda": 32,
    "screen_type": 1,
    "debug_backpack_baud": 460800,
    "debug_backpack_rx": 3,
    "debug_backpack_tx": 1
}