{
    "serial_rx":44,
    "serial_tx":43,
    "radio_miso":15,
    "radio_mosi":16,
    "radio_sck":7,
    "radio_busy":4,
    "radio_dio1":5,
    "radio_rst":6,
    "radio_nss":17,
    "radio_dcdc":true,
    "power_enable":11,
    "power_rxen":1,
    "power_txen":10,
    "power_lna_gain":12,
    "power_min":1,
    "power_high":6,
    "power_max":6,
    "power_default":2,
    "power_control":0,
    "power_values":[-18,-13,-10,-5,-2,3],
    "use_backpack":true,
    "debug_backpack_baud":460800,
    "debug_backpack_rx":14,
    "debug_backpack_tx":13,
    "backpack_boot":21,
    "backpack_en":38,
    "misc_fan_en":9
}
