{
    "serial_rx": 3,
    "serial_tx": 1,
    "radio_dio0": 26,
    "radio_dio1": 25,
    "radio_miso": 19,
    "radio_mosi": 23,
    "radio_nss": 5,
    "radio_rst": 14,
    "radio_sck": 18,
    "power_rxen": 27,
    "power_txen": 33,
    "power_min": 4,
    "power_high": 6,
    "power_max": 6,
    "power_default": 4,
    "power_control": 0,
    "power_values": [112, 115, 127],
    "use_backpack": true,
    "debug_backpack_baud": 460800,
    "debug_backpack_rx": 13,
    "debug_backpack_tx": 12,
    "backpack_boot": 2,
    "backpack_en": 15,
    "misc_fan_en": 4
}
