{
    "serial_rx": 13,
    "serial_tx": 13,
    "radio_busy": 22,
    "radio_dio1": 17,
    "radio_dio2": 16,
    "radio_miso": 19,
    "radio_mosi": 23,
    "radio_nss": 5,
    "radio_rst": 21,
    "radio_sck": 18,
    "power_enable": 25,
    "power_rxen": 32,
    "power_txen": 33,
    "power_lna_gain": 12,
    "power_min": 1,
    "power_high": 6,
    "power_max": 6,
    "power_default": 2,
    "power_control": 0,
    "power_values": [-18,-13,-10,-5,-2,3],
    "joystick": 35,
    "joystick_values": [1850, 900, 490, 1427, 0, 2978],
    "led_rgb": 4,
    "led_rgb_isgrb": true,
    "screen_cs": 12,
    "screen_dc": 26,
    "screen_mosi": 15,
    "screen_rst": 27,
    "screen_sck": 14,
    "screen_type": 2,
    "use_backpack": true,
    "debug_backpack_baud": 460800,
    "debug_backpack_rx": 3,
    "debug_backpack_tx": 1,
    "misc_fan_en": 2
}