{
  "serial_rx": 4,
  "serial_tx": 4,

  "radio_miso": 33,
  "radio_mosi": 32,
  "radio_sck": 25,

  "radio_busy": 36,
  "radio_dio1": 37,
  "radio_nss": 27,
  "radio_rst": 15,

  "radio_busy_2": 39,
  "radio_dio1_2": 34,
  "radio_nss_2": 13,
  "radio_rst_2": 21,

  "radio_dcdc": true,
  "radio_rfo_hf": true,

  "power_apc2": 26,
  "power_min": 0,
  "power_high": 6,
  "power_max": 6,
  "power_default": 3,
  "power_control": 3,
  "power_values": [120,120,120,120,120,120,95],
  "power_values2": [-17,-16,-14,-11,-7,-3,5],
  "power_values_dual": [-18,-14,-8,-6,-2,3,5],
  "power_lna_gain": 12,

  "led_rgb": 22,
  "led_rgb_isgrb": true,
  "ledidx_rgb_status": [0,1],
  "ledidx_rgb_boot": [0,1],

  "button": 14,
  "button2": 12,

  "use_backpack": true,
  "debug_backpack_baud": 460800,
  "debug_backpack_rx": 18,
  "debug_backpack_tx": 5,
  "backpack_boot": 23,
  "backpack_en": 19,
  "passthrough_baud": 230400,

  "misc_fan_en": 2
}