{
    "serial_rx": 3,
    "serial_tx": 1,
    "radio_busy": 21,
    "radio_dio1": 4,
    "radio_dio2": 22,
    "radio_miso": 19,
    "radio_mosi": 23,
    "radio_nss": 5,
    "radio_rst": 14,
    "radio_sck": 18,
    "radio_dcdc": true,
    "power_rxen": 27,
    "power_txen": 26,
    "power_min": 1,
    "power_high": 6,
    "power_max": 6,
    "power_default": 2,
    "power_control": 0,
    "power_values": [-18,-15,-12,-8,-5,-1],
    "power_lna_gain": 12,
    "use_backpack": true,
    "debug_backpack_baud": 460800,
    "debug_backpack_rx": 16,
    "debug_backpack_tx": 17,
    "backpack_boot": 15,
    "backpack_en": 25,
    "misc_fan_pwm": 2,
    "misc_fan_speeds": [165,165,165,165,165,165]
}